case_id,material_changing,group_changing,slope_up,cut_time
case_0000,1,2,-0.13667,0.2686
case_0002,1,1,-0.04473,0.3847
case_0005,3,1,-0.03023,0.1372
case_0008,1,1,-0.28027,0.1005
case_0010,1,1,-0.06585,0.3134
case_0011,3,1,-0.0604,0.3864
case_0013,1,1,-0.06724,0.3375
case_0014,1,2,-0.18959,0.1357
case_0018,1,2,-0.11214,0.2203
case_0019,1,1,-0.12998,0.1648
case_0021,1,2,-0.15774,0.1962
case_0024,1,1,-0.1245,0.1079
case_0025,3,2,-0.02123,0.2915
case_0026,3,2,-0.01445,0.1213
case_0028,1,1,-0.04957,0.2107
case_0029,3,2,-0.15372,0.1583
case_0032,3,1,-0.08637,0.2607
case_0033,3,2,-0.04928,0.3993
case_0035,1,2,-0.05127,0.2732
case_0036,1,2,-0.23075,0.1846
case_0039,1,2,-0.2153,0.1265
case_0043,1,2,-0.07502,0.3731
case_0045,3,2,-0.18019,0.1986
case_0047,3,2,-0.22586,0.1258
case_0048,3,1,-0.05865,0.396
case_0050,3,2,-0.21266,0.169
case_0051,3,2,-0.02945,0.1192
case_0052,1,1,-0.11507,0.1491
case_0053,1,1,-0.1512,0.1781
case_0054,1,2,-0.01436,0.1513
case_0056,1,2,-0.0936,0.3307
case_0057,3,2,-0.20579,0.1031
case_0058,1,2,-0.0832,0.2828
case_0059,3,2,-0.28663,0.1159
case_0060,3,1,-0.13163,0.1764
case_0061,3,2,-0.07098,0.2798
case_0062,3,2,-0.2303,0.1508
case_0063,1,2,-0.0999,0.1822
case_0066,1,1,-0.04179,0.191
case_0069,1,1,-0.11327,0.1931
case_0071,3,2,-0.16806,0.182
case_0072,1,2,-0.09623,0.379
case_0073,1,2,-0.09335,0.1259
case_0076,3,1,-0.03211,0.1968
case_0077,3,1,-0.1545,0.1095
case_0079,3,2,-0.0969,0.3054
case_0080,1,2,-0.27276,0.1638
case_0081,3,1,-0.10486,0.1035
case_0082,3,2,-0.1119,0.2187
case_0083,1,2,-0.02747,0.2081
case_0086,3,2,-0.0745,0.1255
case_0088,3,2,-0.09529,0.1826
case_0089,1,2,-0.17099,0.2235
case_0091,3,1,-0.1933,0.1139
case_0093,3,2,-0.20682,0.1448
case_0097,1,1,-0.05508,0.306
case_0098,1,2,-0.23467,0.1729
case_0099,3,1,-0.18224,0.1538
case_0100,1,2,-0.06886,0.3656
case_0102,3,2,-0.06262,0.3259
case_0103,1,2,-0.04813,0.1395
case_0105,1,1,-0.14414,0.1803
case_0107,1,2,-0.12575,0.2204
case_0108,3,1,-0.09299,0.1299
case_0109,1,1,-0.12194,0.1541
case_0112,3,1,-0.06192,0.1047
case_0113,1,1,-0.07696,0.1337
case_0114,3,2,-0.07794,0.1788
case_0118,3,1,-0.11993,0.1885
case_0120,3,2,-0.02393,0.273
case_0121,3,2,-0.09347,0.1604
case_0122,3,1,-0.08009,0.1837
case_0125,1,1,-0.05015,0.3905
case_0126,3,2,-0.17137,0.2023
case_0127,1,2,-0.08045,0.2274
case_0128,1,2,-0.07859,0.1151
case_0132,3,1,-0.06176,0.3959
case_0133,1,1,-0.1568,0.1326
case_0134,1,2,-0.055,0.3571
case_0135,1,1,-0.03226,0.2336
case_0136,1,1,-0.01474,0.2648
case_0139,3,1,-0.17361,0.1734
case_0140,1,1,-0.07429,0.1735
case_0141,3,1,-0.01979,0.1405
case_0142,1,1,-0.12355,0.2141
case_0144,3,1,-0.2799,0.1082
case_0145,1,1,-0.09898,0.2262
case_0147,1,1,-0.08324,0.2506
case_0148,1,2,-0.07342,0.2289
case_0149,1,2,-0.04399,0.1769
case_0150,3,2,-0.02153,0.1751
case_0153,3,2,-0.06428,0.163
case_0154,1,2,-0.19953,0.109
case_0156,1,1,-0.12018,0.1199
case_0160,3,2,-0.14265,0.1207
case_0161,3,2,-0.1196,0.1146
case_0162,1,1,-0.12703,0.1854
case_0165,3,1,-0.05314,0.3574
case_0166,3,2,-0.0656,0.2792
case_0169,1,2,-0.03253,0.373
case_0170,1,2,-0.14946,0.2973
case_0171,1,2,-0.02565,0.3473
case_0172,1,2,-0.11828,0.1106
case_0173,1,2,-0.02637,0.3396
case_0176,3,1,-0.16347,0.1674
case_0177,3,2,-0.04775,0.2681
case_0179,1,2,-0.19219,0.2313
case_0181,3,1,-0.11887,0.1846
case_0182,1,2,-0.23053,0.1556
case_0183,3,2,-0.18511,0.1474
case_0186,3,2,-0.04749,0.3131
case_0187,1,2,-0.02447,0.2753
case_0188,1,2,-0.05155,0.3786
case_0190,1,2,-0.0694,0.2813
case_0191,3,2,-0.14434,0.295
case_0193,3,2,-0.04237,0.3547
case_0194,1,2,-0.29299,0.151
case_0196,3,2,-0.1749,0.1799
case_0198,1,1,-0.11517,0.1251
case_0199,1,1,-0.07324,0.1292
case_0201,1,2,-0.15034,0.2026
case_0202,3,1,-0.13506,0.105
case_0204,1,1,-0.0708,0.2082
case_0206,1,2,-0.09449,0.1599
case_0210,1,2,-0.26499,0.1378
case_0211,1,1,-0.04068,0.3248
case_0213,3,1,-0.08203,0.2178
case_0215,1,2,-0.06691,0.3312
case_0216,3,1,-0.10226,0.2126
case_0217,3,2,-0.01127,0.1922
case_0224,1,1,-0.24456,0.1039
case_0226,3,2,-0.11302,0.2882
case_0228,1,2,-0.17973,0.1909
case_0230,1,1,-0.18747,0.1469
case_0232,3,1,-0.08532,0.1695
case_0233,1,2,-0.27,0.1539
case_0235,1,2,-0.02754,0.3441
case_0238,1,2,-0.07954,0.2162
case_0240,3,1,-0.08378,0.3029
case_0241,1,2,-0.03166,0.3448
case_0242,1,2,-0.19836,0.1051
case_0244,1,1,-0.06254,0.3982
case_0248,1,2,-0.03155,0.3605
case_0249,1,2,-0.24032,0.1882
case_0250,1,2,-0.20659,0.13
case_0252,3,2,-0.1805,0.2046
case_0253,3,1,-0.12341,0.2537
case_0254,3,1,-0.03559,0.3093
case_0256,1,1,-0.06999,0.1639
case_0257,3,1,-0.21554,0.1062
case_0259,3,1,-0.11649,0.2099
case_0260,1,2,-0.21185,0.1952
case_0263,1,1,-0.167,0.1664
case_0265,1,1,-0.04647,0.2193
case_0266,1,2,-0.04741,0.3895
case_0267,1,2,-0.03379,0.3965
case_0271,3,2,-0.03529,0.1181
case_0272,1,1,-0.04444,0.3861
case_0275,3,1,-0.02829,0.3163
case_0276,1,2,-0.12549,0.3002
case_0278,3,1,-0.22156,0.1411
case_0279,1,2,-0.0871,0.2784
case_0280,3,1,-0.12861,0.1058
case_0283,3,1,-0.08819,0.3432
case_0284,3,2,-0.09027,0.2147
case_0286,3,1,-0.06432,0.3665
case_0289,3,2,-0.09007,0.2768
case_0291,1,2,-0.08373,0.3356
case_0295,3,2,-0.07816,0.3902
case_0297,3,1,-0.0157,0.1156
case_0298,1,1,-0.08615,0.2065
case_0299,3,1,-0.02982,0.1138
case_0301,1,2,-0.19699,0.1966
case_0304,1,1,-0.21059,0.1312
case_0307,1,1,-0.02016,0.3154
case_0308,3,2,-0.19065,0.111
case_0309,1,1,-0.06544,0.1056
case_0310,3,1,-0.13736,0.155
case_0312,3,1,-0.26183,0.1042
case_0313,1,2,-0.21051,0.2022
case_0314,3,2,-0.09924,0.3859
case_0316,3,2,-0.2428,0.1501
case_0318,3,1,-0.07915,0.1097
case_0319,1,2,-0.09634,0.2547
case_0320,1,2,-0.08087,0.3136
case_0321,1,1,-0.05596,0.2215
case_0322,3,2,-0.2702,0.104
case_0323,3,1,-0.02254,0.1762
case_0324,3,2,-0.0778,0.3156
case_0325,3,2,-0.28003,0.1202
case_0326,1,2,-0.24491,0.1359
case_0327,1,2,-0.08102,0.3355
case_0328,3,1,-0.05115,0.2953
case_0329,3,1,-0.0756,0.3809
case_0331,3,1,-0.01717,0.1939
case_0336,3,2,-0.14993,0.1562
case_0339,1,2,-0.16435,0.2169
case_0340,3,2,-0.07467,0.3575
case_0341,3,2,-0.08391,0.217
case_0343,1,2,-0.12808,0.2883
case_0344,3,2,-0.27014,0.1597
case_0345,3,1,-0.09442,0.2896
case_0347,1,2,-0.06915,0.3388
case_0349,3,1,-0.07347,0.1721
case_0352,3,1,-0.04995,0.2587
case_0354,1,2,-0.06655,0.16
case_0361,1,2,-0.10573,0.1557
case_0363,3,1,-0.08271,0.3815
case_0365,3,1,-0.14585,0.1425
case_0369,3,2,-0.05557,0.283
case_0370,3,2,-0.10859,0.2471
case_0371,3,1,-0.01166,0.2189
case_0372,1,2,-0.1261,0.2358
case_0374,1,1,-0.06293,0.1698
case_0375,3,2,-0.19575,0.1343
case_0376,3,1,-0.05187,0.3584
case_0379,1,1,-0.20051,0.1383
case_0385,1,2,-0.15058,0.1174
case_0386,1,2,-0.14916,0.1381
case_0390,1,1,-0.17827,0.1437
case_0391,3,1,-0.16521,0.1963
case_0392,3,1,-0.03571,0.3988
case_0393,3,2,-0.09808,0.3342
case_0395,3,1,-0.09967,0.275
case_0396,3,2,-0.06985,0.1248
case_0399,1,2,-0.07243,0.3655
case_0400,1,2,-0.13865,0.1874
case_0401,1,2,-0.03918,0.1745
case_0403,1,2,-0.01687,0.2016
case_0405,1,1,-0.08632,0.1234
case_0406,1,1,-0.16191,0.1572
case_0408,1,1,-0.05536,0.3178
case_0411,3,1,-0.23489,0.1322
case_0412,1,2,-0.22851,0.1663
case_0413,3,2,-0.15761,0.2668
case_0415,3,2,-0.11676,0.266
case_0417,3,2,-0.14829,0.2055
case_0419,3,1,-0.03864,0.3068
case_0421,3,1,-0.13238,0.2053
case_0422,1,2,-0.09384,0.353
case_0423,1,2,-0.04399,0.2015
case_0424,1,2,-0.02808,0.3049
case_0425,1,2,-0.03987,0.3179
case_0426,3,1,-0.13502,0.2146
case_0427,3,1,-0.02545,0.3678
case_0428,3,1,-0.05344,0.2173
case_0429,3,1,-0.12255,0.1396
case_0431,1,1,-0.17885,0.1356
case_0434,3,2,-0.07611,0.2957
case_0436,3,1,-0.08289,0.3045
case_0437,3,2,-0.19523,0.204
case_0438,1,2,-0.12125,0.2377
case_0444,1,2,-0.01608,0.3417
case_0445,3,1,-0.06797,0.3812
case_0446,1,2,-0.1337,0.294
case_0447,3,2,-0.08842,0.1757
case_0450,1,2,-0.0376,0.2639
case_0451,1,1,-0.04298,0.2741
case_0452,3,1,-0.11615,0.1032
case_0457,3,2,-0.08778,0.3426
case_0459,3,1,-0.15024,0.2005
case_0461,1,2,-0.10457,0.164
case_0465,1,1,-0.05712,0.1684
case_0467,3,2,-0.13961,0.1263
case_0468,1,1,-0.1231,0.1924
case_0470,1,1,-0.2273,0.1169
case_0472,1,2,-0.04017,0.3382
case_0474,3,1,-0.04628,0.1088
case_0477,1,1,-0.0252,0.2555
case_0480,3,2,-0.16821,0.1711
case_0481,3,2,-0.01185,0.1436
case_0482,1,2,-0.02694,0.3209
case_0483,3,1,-0.0584,0.3785
case_0487,3,2,-0.15266,0.2216
case_0488,1,2,-0.04044,0.214
case_0490,3,2,-0.08973,0.2588
case_0491,3,1,-0.11429,0.2418
case_0493,3,2,-0.08236,0.1102
case_0494,1,2,-0.1762,0.2234
case_0495,3,2,-0.1174,0.2791
case_0496,3,2,-0.26682,0.1486
case_0497,1,2,-0.05883,0.3555
case_0498,3,1,-0.15101,0.1461
case_0501,1,1,-0.19597,0.1162
case_0503,3,2,-0.10264,0.2676
case_0504,3,2,-0.08472,0.195
case_0508,1,2,-0.04421,0.3964
case_0509,1,2,-0.04093,0.267
case_0511,1,1,-0.0723,0.3399
case_0512,3,2,-0.0314,0.2978
case_0513,3,1,-0.14457,0.2137
case_0514,1,1,-0.03278,0.233
case_0515,1,1,-0.16626,0.1843
case_0517,1,2,-0.09167,0.299
case_0519,1,1,-0.08741,0.2943
case_0520,1,1,-0.10153,0.1424
case_0521,1,1,-0.05074,0.3545
case_0522,3,1,-0.24673,0.1197
case_0524,1,2,-0.05806,0.1716
case_0525,3,1,-0.0592,0.2795
case_0527,1,1,-0.0354,0.263
case_0528,3,1,-0.04157,0.1564
case_0530,3,2,-0.03078,0.2132
case_0532,1,1,-0.15269,0.1027
case_0534,3,2,-0.01802,0.3061
case_0535,3,1,-0.06133,0.2056
case_0536,3,2,-0.09364,0.1655
case_0537,1,2,-0.10432,0.2225
case_0538,3,1,-0.12557,0.1474
case_0540,1,1,-0.07962,0.2744
case_0542,1,2,-0.05055,0.185
case_0543,1,1,-0.03767,0.2876
case_0544,3,1,-0.02928,0.1651
case_0545,1,2,-0.0978,0.3187
case_0546,3,2,-0.18341,0.1114
case_0549,3,2,-0.06059,0.2571
case_0550,1,1,-0.06216,0.1754
case_0551,3,1,-0.05323,0.2905
case_0554,1,1,-0.16536,0.1712
case_0555,1,2,-0.11164,0.2558
case_0558,3,2,-0.22904,0.1227
case_0559,1,2,-0.10605,0.1385
case_0560,3,1,-0.05834,0.3759
case_0561,3,2,-0.11632,0.1124
case_0562,3,2,-0.06511,0.3423
case_0565,3,2,-0.17269,0.1972
case_0567,1,2,-0.08335,0.2589
case_0568,1,2,-0.01535,0.3642
case_0569,1,2,-0.05437,0.1067
case_0570,3,2,-0.03904,0.2267
case_0571,3,2,-0.16952,0.1889
case_0575,3,2,-0.06718,0.287
case_0576,3,1,-0.06961,0.2059
case_0577,3,2,-0.09155,0.3403
case_0578,3,1,-0.03628,0.2715
case_0580,1,2,-0.10768,0.2603
case_0590,1,2,-0.09587,0.2528
case_0591,3,2,-0.09071,0.2731
case_0592,1,2,-0.07196,0.1236
case_0593,3,1,-0.24625,0.1267
case_0594,3,2,-0.2819,0.1179
case_0595,3,1,-0.10547,0.2738
case_0596,3,2,-0.02776,0.2374
case_0600,1,2,-0.09267,0.3096
case_0602,3,2,-0.11769,0.3495
case_0605,3,1,-0.05911,0.1383
case_0606,1,1,-0.1796,0.1591
case_0607,3,1,-0.13453,0.1335
case_0609,3,2,-0.21777,0.115
case_0613,1,2,-0.09911,0.1314
case_0614,1,1,-0.13528,0.1037
case_0616,1,1,-0.01294,0.2058
case_0618,3,2,-0.12462,0.3242
case_0619,1,2,-0.14619,0.2705
case_0621,1,1,-0.15858,0.1718
case_0624,1,2,-0.08693,0.3085
case_0625,3,1,-0.05995,0.3708
case_0629,3,2,-0.01663,0.289
case_0632,3,2,-0.0476,0.1519
case_0634,1,1,-0.17799,0.1544
case_0635,1,1,-0.21399,0.1045
case_0636,3,2,-0.03171,0.2827
case_0639,3,2,-0.06643,0.1095
case_0640,1,1,-0.06996,0.1767
case_0642,3,1,-0.18678,0.1646
case_0646,1,2,-0.09831,0.3954
case_0647,3,2,-0.28397,0.1294
case_0648,3,1,-0.0111,0.3957
case_0649,1,1,-0.042,0.2169
case_0652,3,2,-0.05296,0.3023
case_0653,3,1,-0.12765,0.1485
case_0654,1,2,-0.06413,0.1531
case_0661,3,2,-0.16909,0.2301
case_0663,3,1,-0.18728,0.139
case_0664,3,2,-0.1068,0.2882
case_0665,3,2,-0.14519,0.2253
case_0672,1,1,-0.05222,0.2372
case_0673,3,1,-0.08004,0.3467
case_0674,1,2,-0.03,0.2926
case_0675,3,1,-0.15441,0.1616
case_0676,1,1,-0.10726,0.1171
case_0679,1,1,-0.219,0.1048
case_0682,3,2,-0.11487,0.2083
case_0683,3,2,-0.10784,0.1363
case_0684,1,1,-0.10748,0.2641
case_0685,3,2,-0.13191,0.2862
case_0689,3,1,-0.01945,0.1102
case_0690,3,1,-0.08256,0.1623
case_0691,3,2,-0.1178,0.2865
case_0693,1,1,-0.13383,0.1778
case_0694,3,2,-0.13359,0.2781
case_0695,1,1,-0.17447,0.1481
case_0696,1,2,-0.189,0.1918
case_0697,3,2,-0.08667,0.2508
case_0701,3,1,-0.1214,0.2207
case_0702,1,2,-0.26253,0.136
case_0703,1,2,-0.20376,0.1454
case_0705,1,1,-0.1472,0.1592
case_0706,1,1,-0.01404,0.2486
case_0707,1,2,-0.13831,0.2153
case_0708,1,1,-0.08815,0.2651
case_0709,1,1,-0.05231,0.1225
case_0710,3,2,-0.15384,0.1477
case_0711,1,2,-0.13776,0.1463
case_0712,1,2,-0.11486,0.2172
case_0716,3,2,-0.11248,0.2593
case_0718,3,2,-0.03672,0.2933
case_0721,1,2,-0.10413,0.1987
case_0722,1,2,-0.02875,0.226
case_0728,3,2,-0.04825,0.3786
case_0731,1,2,-0.29036,0.1083
case_0737,3,1,-0.07763,0.112
case_0740,3,1,-0.15673,0.101
case_0742,3,2,-0.27387,0.1145
case_0743,1,2,-0.074,0.1241
case_0744,1,2,-0.02863,0.1904
case_0750,3,2,-0.06306,0.2434
case_0751,3,2,-0.08941,0.2705
case_0752,3,1,-0.12618,0.2184
case_0753,1,2,-0.23916,0.1036
case_0755,1,2,-0.17132,0.1602
case_0756,1,2,-0.07307,0.3781
case_0758,1,2,-0.01421,0.2773
case_0759,3,1,-0.02606,0.146
case_0764,1,2,-0.06168,0.1626
case_0768,3,2,-0.04672,0.2441
case_0769,3,2,-0.2893,0.1375
case_0771,1,2,-0.06816,0.2909
case_0772,1,1,-0.07976,0.1296
case_0773,3,1,-0.13946,0.1148
case_0774,3,2,-0.28264,0.1507
case_0776,3,2,-0.04116,0.3203
case_0780,1,1,-0.11349,0.1423
case_0782,1,1,-0.14274,0.1365
case_0783,1,1,-0.04607,0.2604
case_0784,3,1,-0.28609,0.1103
case_0786,3,2,-0.11463,0.2832
case_0788,3,2,-0.05203,0.1422
case_0790,3,2,-0.06205,0.284
case_0792,1,1,-0.13634,0.1015
case_0793,1,2,-0.06086,0.3035
case_0796,1,2,-0.28257,0.1085
case_0797,1,2,-0.10246,0.1856
case_0799,3,2,-0.16459,0.1959
case_0800,3,1,-0.05253,0.1621
case_0801,1,1,-0.20665,0.1392
case_0802,1,1,-0.0648,0.3966
case_0803,3,2,-0.12148,0.1342
case_0806,3,1,-0.032,0.2134
case_0808,3,2,-0.10133,0.3102
case_0809,3,1,-0.09768,0.2872
case_0811,1,1,-0.02766,0.1215
case_0813,3,2,-0.05906,0.2807
case_0815,1,1,-0.07767,0.3615
case_0816,1,2,-0.22133,0.1417
case_0817,3,1,-0.03339,0.2826
case_0819,3,2,-0.08136,0.243
case_0821,3,2,-0.09754,0.2115
case_0824,3,1,-0.08983,0.2209
case_0826,1,2,-0.22007,0.1481
case_0827,1,2,-0.06152,0.1174
case_0829,1,1,-0.1045,0.1948
case_0834,1,2,-0.0813,0.2318
case_0836,3,1,-0.086,0.3021
case_0839,3,1,-0.09616,0.2819
case_0841,3,2,-0.08837,0.2255
case_0842,3,2,-0.0972,0.1984
case_0844,1,2,-0.12295,0.1059
case_0845,1,1,-0.12709,0.1528
case_0846,1,1,-0.02186,0.3626
case_0849,1,1,-0.19617,0.1197
case_0852,3,2,-0.1975,0.2181
case_0857,3,1,-0.03968,0.3087
case_0858,1,2,-0.04177,0.286
case_0859,1,2,-0.0126,0.3875
case_0860,1,2,-0.01879,0.3756
case_0862,1,2,-0.09109,0.2788
case_0864,3,2,-0.07172,0.1081
case_0865,3,2,-0.1465,0.2672
case_0866,3,1,-0.03391,0.2527
case_0867,1,1,-0.07014,0.2102
case_0870,3,1,-0.13697,0.1038
case_0872,3,2,-0.10983,0.3978
case_0873,3,1,-0.03374,0.3012
case_0874,3,2,-0.10759,0.1
case_0875,3,1,-0.04971,0.1822
case_0877,3,2,-0.17154,0.1955
case_0879,1,2,-0.03192,0.3229
case_0880,1,2,-0.06927,0.3948
case_0882,3,2,-0.14304,0.2871
case_0883,1,1,-0.05401,0.1158
case_0886,1,2,-0.10122,0.2013
case_0888,3,1,-0.25655,0.1099
case_0889,1,1,-0.16601,0.1259
case_0890,1,2,-0.17105,0.2599
case_0892,3,1,-0.1161,0.1116
case_0893,1,2,-0.10206,0.3827
case_0894,3,2,-0.03088,0.3415
case_0895,3,1,-0.08413,0.1753
case_0898,1,2,-0.02722,0.3343
case_0899,1,2,-0.02613,0.1917
case_0900,1,1,-0.05519,0.1234
case_0902,3,2,-0.2615,0.1064
case_0904,1,2,-0.16545,0.2726
case_0905,3,2,-0.09725,0.1343
case_0907,1,2,-0.04695,0.3067
case_0908,1,1,-0.01267,0.3333
case_0909,3,1,-0.05278,0.1313
case_0910,1,1,-0.11104,0.2387
case_0911,1,2,-0.13589,0.2174
case_0913,1,1,-0.11257,0.2556
case_0914,1,1,-0.01521,0.2836
case_0915,1,2,-0.10166,0.1683
case_0916,3,1,-0.07218,0.2842
case_0917,1,1,-0.1157,0.1556
case_0920,3,2,-0.01493,0.289
case_0922,3,2,-0.22222,0.161
case_0923,3,2,-0.1305,0.1447
case_0926,3,2,-0.08735,0.1992
case_0929,1,2,-0.06935,0.3166
case_0930,1,1,-0.11039,0.1295
case_0931,1,2,-0.07379,0.1515
case_0932,3,1,-0.24889,0.102
case_0934,3,1,-0.05932,0.3291
case_0935,1,2,-0.03875,0.1627
case_0937,3,2,-0.06602,0.1208
case_0938,1,1,-0.03718,0.272
case_0939,3,1,-0.04939,0.3877
case_0940,1,2,-0.15303,0.2804
case_0941,1,1,-0.07731,0.3128
case_0942,3,2,-0.02458,0.1073
case_0943,3,2,-0.25887,0.11
case_0947,1,2,-0.13006,0.282
case_0948,3,2,-0.20197,0.1061
case_0949,3,1,-0.09644,0.1221
case_0950,1,2,-0.04944,0.2971
case_0955,1,2,-0.07411,0.1105
case_0956,1,2,-0.08888,0.1385
case_0958,3,1,-0.04539,0.3795
case_0963,1,1,-0.11589,0.1412
case_0964,1,2,-0.09099,0.2114
case_0965,1,2,-0.04888,0.3624
case_0966,1,2,-0.14984,0.208
case_0970,3,2,-0.13063,0.1216
case_0973,1,1,-0.12428,0.1222
case_0975,1,2,-0.15175,0.1298
case_0979,1,1,-0.26024,0.1121
case_0980,3,1,-0.10096,0.2564
case_0981,3,1,-0.06801,0.3888
case_0982,1,2,-0.15006,0.1123
case_0983,3,2,-0.17868,0.1503
case_0984,1,1,-0.05952,0.2796
case_0985,3,1,-0.09859,0.1141
case_0986,1,1,-0.01735,0.1067
case_0988,3,1,-0.05663,0.1268
case_0989,1,2,-0.08162,0.1574
case_0994,1,1,-0.02464,0.3052
case_0995,3,2,-0.05618,0.162
case_0997,1,1,-0.11392,0.1397
case_0998,1,1,-0.10627,0.2572
case_0999,3,2,-0.06271,0.2309
case_1000,1,1,-0.04287,0.1204
case_1002,3,1,-0.09958,0.3168
case_1005,1,2,-0.03018,0.1681
case_1006,1,1,-0.16614,0.134
case_1007,1,1,-0.04919,0.2344
case_1009,3,2,-0.08023,0.2626
case_1010,1,2,-0.13198,0.2017
case_1011,3,1,-0.19982,0.1272
case_1016,3,2,-0.05643,0.3368
case_1018,3,1,-0.02033,0.3843
case_1020,1,2,-0.13173,0.3273
case_1021,1,1,-0.08094,0.1308
case_1023,1,2,-0.07057,0.296
case_1024,1,1,-0.16364,0.1118
case_1027,3,2,-0.08225,0.3287
case_1031,1,2,-0.17507,0.223
case_1032,3,2,-0.0712,0.3765
case_1033,1,2,-0.23376,0.1635
case_1034,1,2,-0.11207,0.3792
case_1035,1,1,-0.02354,0.1281
case_1036,3,2,-0.02479,0.2159
case_1038,1,1,-0.12039,0.2104
case_1041,1,1,-0.08121,0.3226
case_1042,1,1,-0.10347,0.1863
case_1046,3,1,-0.0486,0.3987
case_1050,1,1,-0.08921,0.351
case_1051,3,1,-0.01586,0.1877
case_1056,3,2,-0.04879,0.3169
case_1057,3,1,-0.13299,0.1524
case_1058,3,2,-0.29897,0.1127
case_1059,1,2,-0.05687,0.2458
case_1063,1,1,-0.10211,0.1202
case_1066,3,1,-0.04569,0.1789
case_1067,1,1,-0.02841,0.2939
case_1068,1,2,-0.0684,0.3384
case_1069,3,2,-0.16254,0.268
case_1070,1,1,-0.11845,0.2303
case_1072,1,2,-0.01756,0.3581
case_1073,3,2,-0.16934,0.1552
case_1077,3,2,-0.05192,0.2779
case_1079,1,1,-0.21261,0.1345
case_1080,3,1,-0.02375,0.1279
case_1082,1,2,-0.11238,0.2648
case_1083,1,2,-0.09994,0.2159
case_1087,3,2,-0.14172,0.1288
case_1088,3,2,-0.05735,0.253
case_1090,3,1,-0.02146,0.2455
case_1091,3,2,-0.15908,0.2113
case_1092,3,2,-0.06346,0.2993
case_1095,3,1,-0.25087,0.1238
case_1098,1,1,-0.13092,0.1133
case_1100,1,2,-0.12891,0.192
case_1101,3,1,-0.04448,0.2857
case_1103,1,2,-0.0514,0.2719
case_1105,3,1,-0.09034,0.14
case_1106,3,1,-0.10556,0.1023
case_1108,1,1,-0.13792,0.2026
case_1111,3,2,-0.11029,0.1339
case_1112,3,2,-0.20925,0.1578
case_1113,3,1,-0.03461,0.1628
case_1116,1,2,-0.05066,0.1183
case_1119,3,2,-0.09285,0.1549
case_1121,1,2,-0.14041,0.2535
case_1123,3,2,-0.03586,0.1763
case_1124,1,1,-0.13882,0.2106
case_1126,1,1,-0.02655,0.161
case_1129,1,2,-0.09228,0.1704
case_1130,1,2,-0.03634,0.1087
case_1132,3,1,-0.0547,0.2623
case_1133,1,2,-0.19118,0.1071
case_1134,1,2,-0.19927,0.1807
case_1135,1,2,-0.13546,0.2031
case_1137,1,1,-0.0213,0.2439
case_1140,1,1,-0.06526,0.3291
case_1144,3,1,-0.1398,0.1328
case_1146,3,1,-0.07938,0.3416
case_1151,1,2,-0.26115,0.1347
case_1153,1,2,-0.23362,0.1543
case_1154,3,2,-0.23051,0.1736
case_1155,3,1,-0.06857,0.3239
case_1160,3,2,-0.01146,0.1821
case_1161,1,1,-0.16357,0.174
case_1162,1,2,-0.05748,0.1892
case_1163,3,2,-0.09257,0.1725
case_1165,1,1,-0.12061,0.1523
case_1166,3,2,-0.03682,0.1275
case_1167,3,2,-0.09497,0.2334
case_1168,1,1,-0.03825,0.2851
case_1173,3,2,-0.12182,0.1724
case_1174,3,2,-0.02493,0.2814
case_1175,1,2,-0.13257,0.2427
case_1176,1,2,-0.15086,0.3
case_1177,3,1,-0.06286,0.2858
case_1178,3,1,-0.10087,0.316
case_1180,1,1,-0.01744,0.3589
case_1183,3,2,-0.02593,0.1817
case_1185,3,2,-0.18662,0.1368
case_1188,3,2,-0.09863,0.1028
case_1190,3,2,-0.18816,0.2275
case_1191,3,2,-0.08507,0.2066
case_1197,1,2,-0.12442,0.3419
case_1200,3,1,-0.01766,0.1562
case_1202,1,2,-0.18928,0.1593
case_1203,3,2,-0.02005,0.1142
case_1204,3,2,-0.09318,0.1271
case_1206,1,1,-0.11055,0.2421
case_1207,1,1,-0.16157,0.1266
case_1208,1,1,-0.02199,0.2652
case_1209,1,2,-0.0107,0.378
case_1212,3,2,-0.18284,0.1192
case_1214,1,2,-0.05035,0.169
case_1216,1,2,-0.05288,0.1516
case_1217,1,2,-0.0239,0.3463
case_1218,3,2,-0.01834,0.248
case_1220,3,2,-0.12747,0.1366
case_1221,3,1,-0.13841,0.2362
case_1223,3,2,-0.10741,0.1172
case_1226,1,2,-0.22493,0.1496
case_1228,1,1,-0.10923,0.2836
case_1229,3,2,-0.1381,0.1074
case_1230,1,2,-0.03324,0.3819
case_1232,3,2,-0.06444,0.2615
case_1233,1,2,-0.13746,0.1835
case_1234,1,2,-0.03424,0.3438
case_1236,3,1,-0.08204,0.2579
case_1237,1,1,-0.06492,0.3435
case_1238,3,1,-0.27316,0.1206
case_1239,3,2,-0.15038,0.2646
case_1240,3,2,-0.21984,0.1435
case_1241,1,2,-0.18004,0.1738
case_1245,1,1,-0.03805,0.2657
case_1246,3,2,-0.23596,0.1408
case_1247,3,1,-0.01315,0.1873
case_1248,1,2,-0.14822,0.15
case_1249,1,2,-0.18768,0.1006
case_1250,1,2,-0.02692,0.3863
case_1252,3,2,-0.0847,0.1403
case_1255,1,1,-0.06456,0.3489
case_1257,1,2,-0.13906,0.242
case_1258,3,1,-0.10998,0.1759
case_1260,3,1,-0.02573,0.2288
case_1261,3,2,-0.20982,0.167
case_1264,1,1,-0.12852,0.1506
case_1270,1,1,-0.18599,0.1131
case_1272,1,1,-0.2027,0.1162
case_1273,1,1,-0.03945,0.2348
case_1274,3,1,-0.20482,0.1153
case_1275,1,1,-0.13222,0.1399
case_1276,3,1,-0.02715,0.1974
case_1279,3,2,-0.02525,0.2575
case_1281,1,1,-0.18227,0.1528
case_1282,3,2,-0.0985,0.2029
case_1283,3,1,-0.18952,0.107
case_1284,1,2,-0.01235,0.3369
case_1285,3,1,-0.03122,0.1998
case_1286,3,1,-0.15711,0.1618
case_1288,1,2,-0.15074,0.1658
case_1291,1,2,-0.04385,0.2293
case_1292,1,2,-0.02078,0.2122
case_1293,3,1,-0.10649,0.1926
case_1294,3,2,-0.28849,0.1404
case_1296,3,1,-0.10033,0.2389
case_1299,1,2,-0.03444,0.2704
case_1300,1,1,-0.06079,0.1517
case_1302,1,2,-0.17521,0.1895
case_1303,3,1,-0.05008,0.3696
case_1304,3,1,-0.16214,0.1914
case_1305,3,1,-0.05958,0.2824
case_1308,1,1,-0.0919,0.1965
case_1309,1,1,-0.07885,0.314
case_1312,1,1,-0.08247,0.2222
case_1315,1,2,-0.09275,0.1459
case_1316,1,2,-0.16788,0.1982
case_1317,3,1,-0.03815,0.3461
case_1318,1,2,-0.13917,0.2823
case_1323,3,1,-0.05664,0.3797
case_1324,1,1,-0.02534,0.2442
case_1328,3,1,-0.11071,0.1069
case_1330,3,1,-0.0732,0.1033
case_1331,3,1,-0.0941,0.2677
case_1332,1,2,-0.2395,0.1214
case_1334,3,1,-0.12777,0.1548
case_1336,1,2,-0.08173,0.3326
case_1337,1,2,-0.05856,0.2076
case_1338,3,2,-0.19407,0.1889
case_1339,1,1,-0.13127,0.1678
case_1340,1,2,-0.03848,0.1256
case_1343,1,2,-0.28165,0.1478
case_1344,1,1,-0.12304,0.2127
case_1345,3,2,-0.27948,0.1177
case_1346,1,2,-0.03606,0.2264
case_1347,3,2,-0.17432,0.1165
case_1350,3,2,-0.10951,0.1482
case_1351,3,1,-0.09154,0.3121
case_1355,1,2,-0.14403,0.2724
case_1356,1,2,-0.01253,0.2443
case_1357,1,2,-0.02057,0.2217
case_1358,1,2,-0.05263,0.3275
case_1361,3,2,-0.03697,0.3835
case_1362,1,1,-0.14021,0.1377
case_1368,1,2,-0.02503,0.2519
case_1370,1,2,-0.07265,0.3506
case_1372,3,1,-0.11598,0.1887
case_1373,3,2,-0.18979,0.1943
case_1374,1,2,-0.15347,0.1043
case_1378,1,2,-0.01959,0.2915
case_1381,1,2,-0.23957,0.1187
case_1382,1,2,-0.11803,0.1498
case_1383,1,2,-0.01476,0.2495
case_1384,3,2,-0.01081,0.3551
case_1385,3,1,-0.04033,0.1445
case_1388,3,2,-0.01047,0.3799
case_1393,3,2,-0.01918,0.3227
case_1394,1,2,-0.12103,0.3541
case_1395,1,2,-0.12007,0.1975
case_1396,1,2,-0.18571,0.2227
case_1398,3,2,-0.09204,0.1304
case_1399,3,1,-0.06323,0.1828
case_1403,1,1,-0.06898,0.321
case_1404,3,2,-0.06223,0.3078
case_1405,3,1,-0.15488,0.1503
case_1406,3,2,-0.04678,0.1666
case_1407,3,1,-0.05792,0.357
case_1409,1,2,-0.07519,0.3478
case_1411,3,2,-0.06148,0.3734
case_1413,1,2,-0.08653,0.3754
case_1416,3,1,-0.26578,0.1109
case_1418,3,1,-0.02183,0.1602
case_1421,1,2,-0.05417,0.179
case_1423,3,2,-0.20778,0.1727
case_1424,1,1,-0.15595,0.1618
case_1425,1,2,-0.10527,0.1093
case_1426,3,1,-0.10707,0.152
case_1427,3,1,-0.0716,0.3211
case_1428,1,1,-0.10489,0.1969
case_1429,3,2,-0.02341,0.2993
case_1430,3,2,-0.01355,0.3122
case_1432,3,1,-0.06101,0.1026
case_1434,3,2,-0.07426,0.2329
case_1436,1,1,-0.05571,0.3967
case_1437,3,2,-0.12659,0.219
case_1438,3,2,-0.02425,0.2867
case_1439,3,2,-0.0428,0.1275
case_1441,1,2,-0.12044,0.2739
case_1444,1,1,-0.15503,0.1442
case_1445,1,2,-0.23021,0.1936
case_1446,3,2,-0.03497,0.1452
case_1449,3,2,-0.04595,0.2622
case_1450,1,1,-0.04465,0.2048
case_1452,3,2,-0.14546,0.2759
case_1453,1,2,-0.1382,0.2437
case_1455,3,1,-0.08352,0.3488
case_1456,1,2,-0.17326,0.209
case_1457,3,2,-0.05364,0.1929
case_1458,3,1,-0.09464,0.2011
case_1461,3,1,-0.07692,0.3995
case_1462,3,2,-0.08459,0.3388
case_1464,3,2,-0.05609,0.2733
case_1465,1,2,-0.25207,0.1732
case_1466,3,1,-0.0329,0.1851
case_1467,1,1,-0.23385,0.1212
case_1471,3,2,-0.02299,0.1666
case_1472,1,2,-0.03405,0.286
case_1473,1,2,-0.07654,0.3874
case_1474,3,1,-0.11359,0.166
case_1475,1,1,-0.15821,0.1612
case_1477,3,1,-0.10503,0.1859
case_1478,1,1,-0.12521,0.1314
case_1480,1,2,-0.01781,0.2887
case_1482,3,2,-0.06014,0.2855
case_1483,3,2,-0.09784,0.2585
case_1486,1,1,-0.09953,0.2581
case_1487,1,1,-0.04721,0.3284
case_1489,3,2,-0.09891,0.1276
case_1490,1,2,-0.13522,0.2064
case_1491,3,2,-0.07531,0.3069
case_1492,3,2,-0.17717,0.1865
case_1496,3,1,-0.017,0.3649
case_1498,1,1,-0.07149,0.3072
case_1499,3,2,-0.06967,0.3977
case_1500,1,1,-0.01551,0.2297
case_1504,3,2,-0.10565,0.3911
case_1505,1,2,-0.2139,0.1852
case_1507,3,2,-0.01724,0.2535
case_1508,3,1,-0.08189,0.1858
case_1510,1,1,-0.0452,0.3407
case_1511,1,2,-0.12268,0.313
case_1512,1,2,-0.26725,0.1671
case_1513,1,2,-0.10057,0.1937
case_1516,3,2,-0.19341,0.1282
case_1519,1,2,-0.02432,0.1581
case_1521,3,2,-0.1011,0.3365
case_1522,1,2,-0.06374,0.2692
case_1523,1,1,-0.10802,0.2282
case_1526,3,2,-0.11374,0.1813
case_1530,3,1,-0.05361,0.3394
case_1531,1,2,-0.05782,0.1057
case_1532,3,2,-0.08924,0.2088
case_1533,3,2,-0.01901,0.2822
case_1534,1,1,-0.08302,0.215
case_1539,1,2,-0.24373,0.1284
case_1541,3,2,-0.22094,0.1155
case_1542,1,2,-0.18258,0.1569
case_1543,1,2,-0.13671,0.2416
case_1544,1,2,-0.26337,0.1504
case_1545,1,2,-0.01618,0.2414
case_1546,3,1,-0.06508,0.2145
case_1547,1,1,-0.20857,0.1143
case_1548,1,2,-0.03231,0.142
case_1549,3,2,-0.15248,0.157
case_1550,1,2,-0.13071,0.1401
case_1551,3,2,-0.10424,0.3539
case_1554,1,2,-0.21657,0.1455
case_1556,1,1,-0.10918,0.2322
case_1557,3,2,-0.10046,0.1536
case_1558,3,1,-0.16764,0.1185
case_1559,3,1,-0.07042,0.2509
case_1560,3,2,-0.12596,0.1633
case_1561,1,2,-0.06365,0.3946
case_1563,3,2,-0.02252,0.2408
case_1565,3,1,-0.16498,0.1098
case_1568,3,2,-0.14257,0.1537
case_1569,1,2,-0.07717,0.1931
case_1570,1,2,-0.1965,0.1348
case_1574,3,1,-0.06326,0.2816
case_1575,3,2,-0.02923,0.3142
case_1576,3,2,-0.29292,0.1003
case_1577,3,1,-0.07901,0.1302
case_1578,3,2,-0.15182,0.1774
case_1580,1,2,-0.20388,0.1495
case_1582,1,1,-0.10011,0.131
case_1583,1,2,-0.28211,0.1239
case_1586,3,1,-0.05582,0.2272
case_1588,3,1,-0.04364,0.3635
case_1589,3,1,-0.07984,0.3737
case_1590,1,2,-0.06056,0.3495
case_1591,1,2,-0.07476,0.19
case_1593,1,1,-0.01862,0.2269
case_1597,1,2,-0.0787,0.3058
case_1598,1,2,-0.1216,0.2483
case_1601,1,2,-0.07284,0.148
case_1605,1,1,-0.01854,0.3697
case_1608,1,1,-0.07637,0.3922
case_1611,1,1,-0.15943,0.1911
case_1616,3,2,-0.02988,0.1232
case_1617,1,2,-0.21677,0.1468
case_1618,1,2,-0.03738,0.3208
case_1620,3,2,-0.03344,0.1107
case_1621,1,2,-0.25445,0.1019
case_1622,1,2,-0.24515,0.1042
case_1623,3,2,-0.06826,0.2624
case_1624,1,2,-0.19275,0.1965
case_1626,1,2,-0.04573,0.2201
case_1628,3,1,-0.02214,0.2562
case_1631,3,2,-0.09936,0.308
case_1633,1,2,-0.01651,0.1893
case_1638,1,2,-0.12991,0.3564
case_1641,3,2,-0.13482,0.2713
case_1642,1,2,-0.16881,0.2473
case_1645,1,1,-0.24867,0.1129
case_1649,1,1,-0.0361,0.1114
case_1651,3,2,-0.08798,0.3504
case_1652,1,1,-0.01302,0.129
case_1656,1,2,-0.09309,0.2487
case_1657,3,2,-0.10235,0.3763
case_1660,1,1,-0.06241,0.2071
case_1661,3,2,-0.06352,0.1607
case_1663,1,2,-0.14811,0.1652
case_1664,1,2,-0.16134,0.2577
case_1669,1,2,-0.11703,0.1063
case_1673,1,2,-0.14116,0.1898
case_1674,1,2,-0.21863,0.1632
case_1676,1,2,-0.02028,0.2665
case_1677,1,1,-0.05102,0.2541
case_1678,1,2,-0.01207,0.3412
case_1680,3,2,-0.17698,0.1374
case_1682,3,2,-0.06113,0.3607
case_1684,3,1,-0.13614,0.1146
case_1685,1,2,-0.04782,0.1951
case_1686,1,2,-0.10802,0.1367
case_1687,3,2,-0.08496,0.1324
case_1690,3,1,-0.21041,0.1498
case_1692,1,2,-0.08723,0.2042
case_1694,3,1,-0.16948,0.1421
case_1696,3,2,-0.12652,0.1741
case_1697,1,2,-0.21795,0.1622
case_1698,1,1,-0.10372,0.2086
case_1699,3,1,-0.01823,0.3455
case_1700,3,2,-0.11317,0.3175
case_1701,3,1,-0.07078,0.1075
case_1702,3,1,-0.07905,0.1131
case_1703,1,2,-0.20746,0.2119
case_1705,3,1,-0.1134,0.2019
case_1706,1,2,-0.16045,0.2035
case_1707,3,2,-0.23781,0.1261
case_1708,1,2,-0.09469,0.3934
case_1709,3,2,-0.04263,0.1997
case_1710,3,2,-0.09558,0.1809
case_1712,3,1,-0.10066,0.2394
case_1714,1,2,-0.07855,0.356
case_1717,3,2,-0.20989,0.1321
case_1718,1,2,-0.21718,0.149
case_1722,1,2,-0.12817,0.298
case_1725,1,2,-0.12402,0.3626
case_1726,3,2,-0.1767,0.2163
case_1728,1,2,-0.12424,0.3399
case_1729,3,2,-0.04315,0.3367
case_1731,1,1,-0.13424,0.1241
case_1733,1,1,-0.12077,0.109
case_1737,3,1,-0.13033,0.2155
case_1739,1,2,-0.18782,0.2304
case_1740,1,1,-0.10392,0.1361
case_1742,3,2,-0.06005,0.1642
case_1746,1,2,-0.04216,0.3257
case_1747,1,2,-0.04234,0.2284
case_1750,1,2,-0.01379,0.3606
case_1756,3,1,-0.17377,0.1827
case_1757,1,2,-0.05042,0.1175
case_1758,1,2,-0.03055,0.3081
case_1759,1,1,-0.09508,0.2743
case_1761,3,2,-0.21972,0.1881
case_1762,3,2,-0.07363,0.1168
case_1763,3,2,-0.20951,0.1836
case_1764,1,1,-0.15489,0.1194
case_1765,3,1,-0.12942,0.2043
case_1769,1,1,-0.11294,0.2049
case_1772,1,1,-0.01911,0.1319
case_1777,3,2,-0.01629,0.3704
case_1780,1,2,-0.07714,0.3882
case_1781,3,1,-0.13561,0.1354
case_1782,1,1,-0.10814,0.1445
case_1783,1,2,-0.13944,0.2435
case_1785,3,1,-0.03426,0.2787
case_1787,1,2,-0.22672,0.144
case_1788,3,2,-0.07055,0.2711
case_1789,1,1,-0.02404,0.2379
case_1790,1,2,-0.13028,0.2868
case_1791,3,1,-0.08865,0.1806
case_1793,1,2,-0.03891,0.3507
case_1795,1,1,-0.02051,0.3448
case_1796,3,2,-0.23007,0.157
case_1798,3,2,-0.01213,0.1055
case_1799,3,1,-0.01006,0.1676
case_1800,1,2,-0.08958,0.3266
case_1801,1,1,-0.03841,0.3258
case_1802,1,2,-0.11085,0.1002
case_1803,1,1,-0.22057,0.1222
case_1804,3,2,-0.21113,0.1007
case_1805,1,2,-0.16777,0.1944
case_1806,3,2,-0.03995,0.3455
case_1807,1,2,-0.16119,0.1841
case_1808,3,1,-0.05884,0.3303
case_1809,1,2,-0.16331,0.2346
case_1810,1,1,-0.0414,0.2459
case_1811,1,2,-0.1176,0.2923
case_1813,1,2,-0.08438,0.303
case_1814,1,2,-0.18919,0.2338
case_1815,1,1,-0.14134,0.1957
case_1817,3,2,-0.02787,0.3604
case_1818,1,1,-0.12923,0.1586
case_1820,1,2,-0.24023,0.1456
case_1822,1,1,-0.09564,0.3089
case_1823,1,2,-0.02845,0.1848
case_1826,3,2,-0.04007,0.2983
case_1827,1,2,-0.04663,0.1588
case_1831,1,2,-0.08074,0.141
case_1835,3,2,-0.09221,0.1254
case_1836,3,1,-0.10184,0.1017
case_1841,1,1,-0.05392,0.2579
case_1843,1,2,-0.06626,0.2356
case_1846,1,2,-0.11692,0.1707
case_1847,1,1,-0.07547,0.2722
case_1848,3,1,-0.03777,0.3117
case_1852,3,1,-0.07108,0.283
case_1853,3,2,-0.17596,0.1119
case_1854,1,2,-0.20459,0.1643
case_1856,3,2,-0.03957,0.1575
case_1857,3,1,-0.05151,0.1136
case_1858,1,2,-0.29912,0.1488
case_1861,1,1,-0.08058,0.1112
case_1864,1,2,-0.05237,0.2936
case_1865,3,2,-0.16642,0.2406
case_1867,3,2,-0.07803,0.3803
case_1868,3,1,-0.02319,0.3096
case_1869,3,1,-0.25625,0.1008
case_1870,3,2,-0.1738,0.1653
case_1872,1,2,-0.15233,0.251
case_1874,1,2,-0.11119,0.2469
case_1876,1,2,-0.24795,0.1687
case_1877,3,2,-0.04501,0.225
case_1878,1,1,-0.12195,0.2124
case_1883,1,2,-0.04489,0.165
case_1884,3,1,-0.20502,0.1567
case_1888,1,2,-0.05988,0.1025
case_1892,3,2,-0.03793,0.2499
case_1894,1,2,-0.02081,0.1649
case_1895,1,2,-0.0858,0.1661
case_1896,1,2,-0.09605,0.1558
case_1897,3,2,-0.05535,0.2075
case_1898,1,1,-0.09124,0.1779
case_1899,1,2,-0.20333,0.1679
case_1901,1,1,-0.08904,0.293
case_1904,3,1,-0.14604,0.2214
case_1905,1,2,-0.15569,0.2326
case_1907,1,2,-0.20404,0.2112
case_1909,3,2,-0.08793,0.2568
case_1911,1,1,-0.02236,0.3344
case_1912,3,1,-0.10144,0.328
case_1915,1,2,-0.08877,0.3833
case_1916,3,2,-0.11929,0.3352
case_1917,1,1,-0.01645,0.371
case_1918,3,2,-0.1406,0.123
case_1919,1,2,-0.0258,0.3885
case_1920,3,1,-0.05638,0.2985
case_1922,1,1,-0.07748,0.3117
case_1923,3,2,-0.2531,0.1476
case_1924,1,2,-0.2283,0.1673
case_1925,3,1,-0.09676,0.1438
case_1927,1,2,-0.1418,0.2461
case_1928,3,2,-0.08281,0.1657
case_1929,1,1,-0.04836,0.2703
case_1931,3,1,-0.19861,0.1353
case_1932,1,2,-0.14448,0.1737
case_1933,3,1,-0.02108,0.1219
case_1934,3,2,-0.10666,0.2654
case_1935,3,2,-0.2037,0.1185
case_1938,1,1,-0.03472,0.3152
case_1939,3,2,-0.11474,0.1942
case_1940,3,1,-0.06744,0.1334
case_1941,1,1,-0.07935,0.3298
case_1942,3,2,-0.1587,0.132
case_1943,3,1,-0.20562,0.1209
case_1945,1,1,-0.06617,0.1866
case_1946,3,2,-0.12633,0.3485
case_1947,1,1,-0.0415,0.3001
case_1950,3,1,-0.0345,0.2658
case_1951,3,2,-0.08572,0.206
case_1953,1,1,-0.05761,0.1878
case_1954,1,1,-0.10837,0.2039
case_1955,1,1,-0.14673,0.1218
case_1958,3,1,-0.05421,0.381
case_1959,3,1,-0.19474,0.1426
case_1961,3,2,-0.02729,0.1182
case_1963,3,1,-0.04554,0.1434
case_1964,1,1,-0.03706,0.3791
case_1965,3,1,-0.0133,0.1376
case_1967,1,2,-0.18499,0.137
case_1968,1,1,-0.09428,0.1155
case_1969,3,1,-0.0895,0.2886
case_1971,3,2,-0.10608,0.3444
case_1974,1,2,-0.02098,0.3657
case_1977,3,2,-0.16282,0.1329
case_1978,3,1,-0.06605,0.1429
case_1979,1,2,-0.11922,0.1111
case_1981,3,2,-0.11857,0.3576
case_1985,3,2,-0.05337,0.2728
case_1986,1,1,-0.06737,0.3314
case_1988,3,2,-0.01411,0.1394
case_1991,3,2,-0.01225,0.3486
case_1997,3,1,-0.02673,0.2336
case_1999,1,2,-0.05567,0.239
case_2001,3,2,-0.03046,0.3557
case_2003,1,2,-0.11283,0.1305
case_2006,1,2,-0.27464,0.1189
case_2009,3,2,-0.01136,0.3935
case_2010,3,1,-0.01937,0.2484
case_2012,3,2,-0.22526,0.1578
case_2013,1,2,-0.19007,0.1414
case_2014,1,2,-0.0988,0.1029
case_2017,3,1,-0.03129,0.3837
case_2018,3,2,-0.16569,0.1135
case_2019,1,2,-0.01102,0.3336
case_2020,1,1,-0.12905,0.212
case_2022,3,2,-0.09052,0.3659
case_2023,1,1,-0.01371,0.2417
case_2024,1,2,-0.28143,0.1282
case_2028,3,1,-0.04332,0.1708
case_2029,3,2,-0.25693,0.119
case_2033,3,1,-0.09091,0.2997
case_2034,3,2,-0.0179,0.1012
case_2036,1,2,-0.25326,0.1323
case_2040,3,2,-0.0729,0.2689
case_2041,1,2,-0.24875,0.1065
case_2043,1,2,-0.1195,0.3306
case_2049,3,2,-0.16903,0.1907
case_2050,3,1,-0.0184,0.2158
case_2052,3,2,-0.01992,0.1946
case_2053,3,1,-0.0655,0.1085
case_2058,3,1,-0.06881,0.3774
case_2061,1,2,-0.11722,0.2663
case_2065,1,1,-0.01068,0.3662
case_2068,1,1,-0.12282,0.1914
case_2069,1,1,-0.04851,0.345
case_2070,1,2,-0.04898,0.226
case_2073,1,2,-0.10477,0.1248
case_2077,1,1,-0.11867,0.193
case_2078,1,2,-0.06389,0.277
case_2079,1,2,-0.02969,0.3829
case_2080,3,2,-0.1032,0.2248
case_2081,3,2,-0.04075,0.3813
case_2083,1,1,-0.06465,0.1236
case_2084,1,2,-0.09003,0.2608
case_2085,3,1,-0.0703,0.1805
case_2086,1,2,-0.18618,0.2404
case_2089,3,1,-0.07595,0.3186
case_2093,1,2,-0.19967,0.2276
case_2094,3,1,-0.01673,0.2638
case_2095,1,2,-0.12936,0.2694
case_2096,1,1,-0.06777,0.2094
case_2098,3,1,-0.27363,0.1052
case_2099,1,1,-0.12497,0.163
case_2103,1,2,-0.27481,0.1245
case_2104,3,1,-0.18201,0.1316
case_2107,3,2,-0.05769,0.3839
case_2108,1,2,-0.05088,0.3319
case_2110,1,1,-0.13396,0.1133
case_2112,3,2,-0.08592,0.3711
case_2114,3,2,-0.15939,0.2448
case_2117,3,1,-0.06127,0.1244
case_2119,1,2,-0.1872,0.1277
case_2120,1,2,-0.01284,0.1898
case_2123,3,2,-0.06705,0.2449
case_2126,1,1,-0.01965,0.1755
case_2128,1,2,-0.17406,0.1715
case_2129,3,2,-0.10967,0.1535
case_2130,1,1,-0.02285,0.2605
case_2131,3,2,-0.03973,0.1053
case_2132,1,1,-0.18038,0.1179
case_2133,1,2,-0.0597,0.3263
case_2134,3,2,-0.04641,0.343
case_2137,1,2,-0.04618,0.3682
case_2138,1,1,-0.09793,0.252
case_2139,3,1,-0.24512,0.1307
case_2141,1,2,-0.11147,0.2853
case_2142,1,1,-0.01384,0.29
case_2144,1,1,-0.0351,0.1161
case_2145,3,1,-0.03934,0.2277
case_2146,3,1,-0.14065,0.1934
case_2147,1,2,-0.23943,0.1492
case_2148,3,1,-0.11752,0.1352
case_2150,1,2,-0.12787,0.1327
case_2151,1,2,-0.01338,0.2539
case_2152,1,2,-0.11795,0.3083
case_2153,1,2,-0.12406,0.1977
case_2154,3,2,-0.18449,0.2146
case_2155,1,2,-0.0849,0.3806
case_2156,1,2,-0.09392,0.2128
case_2157,3,1,-0.10999,0.2085
case_2158,3,1,-0.01523,0.175
case_2160,1,2,-0.17555,0.2165
case_2161,1,1,-0.10863,0.2561
case_2162,1,2,-0.15529,0.1076
case_2165,3,2,-0.13928,0.2545
case_2166,1,1,-0.03645,0.256
case_2170,1,2,-0.02304,0.2986
case_2171,1,1,-0.22473,0.1232
case_2172,3,1,-0.13459,0.2036
case_2175,3,1,-0.14348,0.1333
case_2176,3,2,-0.04324,0.2667
case_2177,3,2,-0.14322,0.1116
case_2179,1,1,-0.07664,0.1956
case_2180,1,2,-0.01884,0.1656
case_2181,3,2,-0.1507,0.1387
case_2182,3,1,-0.13598,0.1771
case_2185,3,1,-0.13893,0.1999
case_2186,1,1,-0.0767,0.241
case_2188,3,2,-0.02267,0.1471
case_2193,3,2,-0.04799,0.2279
case_2194,3,1,-0.11412,0.1944
case_2195,3,1,-0.25915,0.125
case_2196,3,1,-0.03597,0.3849
case_2198,3,1,-0.03733,0.2657
case_2200,3,2,-0.22618,0.1791
case_2202,1,1,-0.04052,0.173
case_2203,3,2,-0.05824,0.2033
case_2204,3,1,-0.03067,0.1718
case_2208,1,1,-0.06768,0.1253
case_2209,1,1,-0.06664,0.17
case_2210,3,1,-0.10895,0.1372
case_2211,3,1,-0.21746,0.1286
case_2213,3,1,-0.12821,0.2469
case_2214,3,2,-0.11563,0.3157
case_2217,3,1,-0.01153,0.3025
case_2218,3,1,-0.1542,0.1302
case_2224,3,1,-0.07836,0.2272
case_2226,1,1,-0.12231,0.2192
case_2228,1,2,-0.03269,0.3622
case_2229,3,2,-0.07264,0.2232
case_2231,1,1,-0.12089,0.1351
case_2232,3,2,-0.09049,0.3376
case_2233,1,2,-0.20826,0.2047
case_2234,3,1,-0.27184,0.1194
case_2236,1,1,-0.08403,0.3199
case_2239,3,1,-0.23877,0.1016
case_2241,1,1,-0.07214,0.153
case_2244,1,1,-0.21941,0.1077
case_2245,3,2,-0.19016,0.1625
case_2246,3,1,-0.03543,0.2239
case_2247,3,2,-0.10288,0.1391
case_2248,3,2,-0.02668,0.1662
case_2249,1,1,-0.07383,0.1693
case_2250,1,2,-0.2845,0.1014
case_2251,1,2,-0.13277,0.1854
case_2252,3,2,-0.15355,0.1407
case_2254,1,2,-0.2137,0.211
case_2255,3,2,-0.12326,0.3583
case_2258,3,1,-0.09239,0.3673
case_2260,3,2,-0.10593,0.2838
case_2262,3,1,-0.03366,0.2501
case_2263,1,2,-0.18376,0.2454
case_2265,3,1,-0.04098,0.2233
case_2266,1,2,-0.10689,0.3736
case_2268,1,1,-0.11403,0.2085
case_2271,3,1,-0.18549,0.1733
case_2272,1,1,-0.15626,0.1842
case_2273,1,2,-0.01197,0.3578
case_2274,3,1,-0.04121,0.2385
case_2275,1,2,-0.1028,0.3442
case_2278,3,2,-0.02633,0.2707
case_2281,1,1,-0.04202,0.315
case_2284,1,1,-0.08764,0.1432
case_2287,1,1,-0.11522,0.1886
case_2289,3,2,-0.06029,0.2292
case_2290,3,2,-0.11874,0.3459
case_2292,3,2,-0.26352,0.1614
case_2293,1,2,-0.10357,0.1927
case_2295,3,1,-0.04364,0.3293
case_2298,1,1,-0.07573,0.2954
case_2300,3,1,-0.09078,0.3246
case_2301,1,2,-0.05454,0.2771
case_2302,3,2,-0.07141,0.3762
case_2304,1,2,-0.1918,0.1861
case_2305,1,2,-0.14219,0.2143
case_2306,1,1,-0.06679,0.3376
case_2307,3,2,-0.08148,0.1369
case_2308,3,1,-0.0974,0.2549
case_2309,1,2,-0.03487,0.3339
case_2310,1,1,-0.0914,0.3421
case_2313,3,2,-0.16776,0.1996
case_2314,1,2,-0.15635,0.2613
case_2319,3,1,-0.10328,0.1493
case_2320,3,1,-0.07191,0.178
case_2321,1,2,-0.07585,0.1298
case_2322,3,1,-0.18557,0.1773
case_2324,3,2,-0.03888,0.2061
case_2325,3,1,-0.03657,0.1246
case_2326,1,1,-0.04863,0.3424
case_2328,3,2,-0.15833,0.2452
case_2331,3,1,-0.2112,0.1485
case_2336,3,2,-0.04346,0.3031
case_2338,3,1,-0.14238,0.1393
case_2343,3,2,-0.04533,0.3585
case_2348,1,1,-0.03301,0.2331
case_2349,1,2,-0.06755,0.1577
case_2350,3,1,-0.14958,0.1949
case_2351,1,2,-0.10296,0.317
case_2353,1,1,-0.10714,0.2526
case_2355,3,2,-0.17162,0.1702
case_2358,3,2,-0.04508,0.3976
case_2360,1,2,-0.08543,0.3354
case_2362,3,2,-0.07485,0.2879
case_2365,1,2,-0.02889,0.1545
case_2368,1,1,-0.01559,0.1566
case_2369,1,1,-0.0217,0.241
case_2372,1,1,-0.05378,0.3548
case_2373,1,2,-0.02817,0.1138
case_2375,1,2,-0.09485,0.3059
case_2376,1,2,-0.01593,0.2404
case_2377,3,1,-0.0966,0.227
case_2381,3,2,-0.14786,0.2202
case_2383,3,2,-0.05732,0.2212
case_2385,3,1,-0.06868,0.1166
case_2386,3,2,-0.16742,0.1793
case_2389,3,1,-0.04728,0.1164
case_2390,1,1,-0.03101,0.3453
case_2392,1,1,-0.0498,0.3225
case_2395,3,2,-0.22229,0.1601
case_2397,1,1,-0.11968,0.2309
case_2401,3,2,-0.05701,0.156
case_2402,1,2,-0.14143,0.108
case_2403,3,1,-0.01507,0.1645
case_2404,3,2,-0.15751,0.1318
case_2406,3,2,-0.08519,0.2852
case_2407,1,2,-0.04253,0.3952
case_2408,1,2,-0.13705,0.3312
case_2411,1,1,-0.0752,0.2382
case_2412,1,1,-0.03245,0.3251
case_2415,3,1,-0.01027,0.1223
case_2418,1,1,-0.08679,0.2885
case_2419,1,1,-0.07824,0.1465
case_2420,3,1,-0.02367,0.2475
case_2421,3,2,-0.02903,0.3098
case_2423,3,2,-0.14308,0.1152
case_2424,1,1,-0.13443,0.2218
case_2428,1,1,-0.12718,0.1669
case_2430,1,2,-0.23181,0.1777
case_2432,1,1,-0.06577,0.1203
case_2434,3,2,-0.01045,0.1009
case_2437,3,1,-0.21412,0.1406
case_2438,3,1,-0.03034,0.3543
case_2440,3,2,-0.01459,0.3206
case_2443,3,1,-0.12691,0.1989
case_2444,3,2,-0.11901,0.3481
case_2447,1,1,-0.04708,0.2598
case_2448,3,1,-0.12533,0.1696
case_2449,1,1,-0.05458,0.3318
case_2451,3,2,-0.20714,0.12
case_2454,1,1,-0.08758,0.2991
case_2455,3,2,-0.02951,0.1527
case_2458,3,2,-0.05173,0.1128
case_2460,1,2,-0.15905,0.177
case_2461,3,2,-0.11648,0.1048
case_2462,3,2,-0.02324,0.1635
case_2463,1,1,-0.03316,0.1091
case_2464,3,2,-0.09524,0.3883
case_2465,3,2,-0.08429,0.3479
case_2466,1,1,-0.08559,0.1168
case_2467,3,1,-0.11443,0.1013
case_2468,1,2,-0.23749,0.1269
case_2469,1,2,-0.13749,0.1243
case_2470,1,2,-0.04423,0.3817
case_2473,1,2,-0.2408,0.1509
case_2474,1,2,-0.07615,0.1418
case_2475,3,1,-0.02897,0.188
case_2476,3,1,-0.06404,0.3726
case_2479,3,2,-0.02228,0.2595
case_2480,1,1,-0.05686,0.2307
case_2481,1,1,-0.01019,0.1263
case_2485,3,2,-0.07128,0.301
case_2486,1,2,-0.09686,0.2533
case_2488,1,2,-0.26772,0.1021
case_2491,3,2,-0.1368,0.1291
case_2494,3,1,-0.07441,0.2316
case_2495,1,2,-0.07634,0.1521
case_2496,3,2,-0.08036,0.342
case_2497,1,1,-0.05487,0.3726
case_2499,1,2,-0.23634,0.1825
